"","X...sampleId","sampleDate","ABL","BCR.ABL.ABL","det","ND","LRATIO","lQL","TIME","PatID","TKI"
"21",127541,"2009-09-23",35600,47.789,"detected value",FALSE,1.67932794286593,NA,-0.0657534246575343,"demo_fb_haematology_69194","full dose"
"22",127542,"2009-12-18",44100,1.311,"detected value",FALSE,0.117602691690084,NA,2.76164383561644,"demo_fb_haematology_69194","full dose"
"23",127543,"2010-03-12",50200,0.068,"detected value",FALSE,-1.16749108729376,NA,5.52328767123288,"demo_fb_haematology_69194","full dose"
"24",127544,"2010-06-04",68000,0.05,"detected value",FALSE,-1.30102999566398,NA,8.28493150684931,"demo_fb_haematology_69194","full dose"
"25",127545,"2010-09-22",119000,0.048,"detected value",FALSE,-1.31875876262441,NA,11.9013698630137,"demo_fb_haematology_69194","full dose"
"26",127546,"2011-03-11",27500,0.084,"detected value",FALSE,-1.07572071393812,NA,17.4904109589041,"demo_fb_haematology_69194","full dose"
"27",127547,"2011-09-16",192000,0.109,"detected value",FALSE,-0.962573502059376,NA,23.7041095890411,"demo_fb_haematology_69194","full dose"
"28",127548,"2012-02-06",21400,0.117,"detected value",FALSE,-0.931814138253838,NA,28.4054794520548,"demo_fb_haematology_69194","full dose"
"29",127549,"2012-02-13",50100,0.05,"detected value",FALSE,-1.30102999566398,NA,28.6356164383562,"demo_fb_haematology_69194","full dose"
"30",127550,"2012-02-20",30700,0.104,"detected value",FALSE,-0.98296666070122,NA,28.8657534246575,"demo_fb_haematology_69194","full dose"
"31",127551,"2012-03-05",13500,0.133,"detected value",FALSE,-0.876148359032914,NA,29.3260273972603,"demo_fb_haematology_69194","full dose"
"32",127552,"2012-04-02",16900,0.083,"detected value",FALSE,-1.08092190762393,NA,30.2465753424658,"demo_fb_haematology_69194","full dose"
"33",127553,"2012-04-16",32300,0.05,"detected value",FALSE,-1.30102999566398,NA,30.7068493150685,"demo_fb_haematology_69194","full dose"
"34",127554,"2012-04-30",19300,0.073,"detected value",FALSE,-1.13667713987954,NA,31.1671232876712,"demo_fb_haematology_69194","full dose"
"35",127555,"2012-05-28",48800,0.031,"detected value",FALSE,-1.50863830616573,NA,32.0876712328767,"demo_fb_haematology_69194","full dose"
"36",127556,"2012-06-25",62600,0.05,"detected value",FALSE,-1.30102999566398,NA,33.0082191780822,"demo_fb_haematology_69194","full dose"
"37",127557,"2012-07-09",50900,0.031,"detected value",FALSE,-1.50863830616573,NA,33.4684931506849,"demo_fb_haematology_69194","full dose"
"38",127558,"2012-08-20",53300,0.047,"detected value",FALSE,-1.32790214206428,NA,34.8493150684932,"demo_fb_haematology_69194","full dose"
"39",127559,"2012-09-12",96800,0.033,"detected value",FALSE,-1.48148606012211,NA,35.6054794520548,"demo_fb_haematology_69194","full dose"
"40",127560,"2012-12-05",29700,0.044,"detected value",FALSE,-1.35654732351381,NA,38.3671232876712,"demo_fb_haematology_69194","full dose"
"41",127561,"2013-03-06",39700,0.041,"detected value",FALSE,-1.38721614328026,NA,41.358904109589,"demo_fb_haematology_69194","full dose"
"42",127562,"2013-06-05",30900,0.019,"detected value",FALSE,-1.72124639904717,NA,44.3506849315068,"demo_fb_haematology_69194","full dose"
"43",127563,"2013-09-11",110000,0.006,"detected value",FALSE,-2.22184874961636,NA,47.572602739726,"demo_fb_haematology_69194","full dose"
"44",127564,"2013-12-11",70800,0.007,"detected value",FALSE,-2.15490195998574,NA,50.5643835616438,"demo_fb_haematology_69194","full dose"
"45",127565,"2014-01-08",14200,0.063,"detected value",FALSE,-1.20065945054642,NA,51.4849315068493,"demo_fb_haematology_69194","full dose"
"46",127566,"2014-03-12",47100,0.03,"detected value",FALSE,-1.52287874528034,NA,53.5561643835616,"demo_fb_haematology_69194","full dose"
"47",127567,"2014-06-09",58800,0.006,"detected value",FALSE,-2.22184874961636,NA,56.4821917808219,"demo_fb_haematology_69194","full dose"
"48",127568,"2014-09-08",161000,0.014,"detected value",FALSE,-1.85387196432176,NA,59.4739726027397,"demo_fb_haematology_69194","full dose"
"1",122994,"2014-11-03",42500,0.006,"detected value",FALSE,-2.22184874961636,NA,61.3150684931507,"demo_fb_haematology_69194","full dose"
"2",122995,"2014-12-08",74500,0.002,"detected value",FALSE,-2.69897000433602,NA,62.4657534246575,"demo_fb_haematology_69194","half dose"
"3",122996,"2015-01-07",54100,0.016,"detected value",FALSE,-1.79588001734408,NA,63.4520547945205,"demo_fb_haematology_69194","half dose"
"4",122997,"2015-02-02",103000,0.017,"detected value",FALSE,-1.76955107862173,NA,64.3068493150685,"demo_fb_haematology_69194","half dose"
"5",122998,"2015-03-04",23800,0.09,"detected value",FALSE,-1.04575749056068,NA,65.2931506849315,"demo_fb_haematology_69194","half dose"
"6",122999,"2015-04-07",72700,0.07,"detected value",FALSE,-1.15490195998574,NA,66.4109589041096,"demo_fb_haematology_69194","half dose"
"7",123000,"2015-04-27",41300,0.155,"detected value",FALSE,-0.809668301829709,NA,67.0684931506849,"demo_fb_haematology_69194","half dose"
"8",123001,"2015-05-11",77800,0.05,"detected value",FALSE,-1.30102999566398,NA,67.5287671232877,"demo_fb_haematology_69194","half dose"
"9",123002,"2015-05-27",128000,0.07,"detected value",FALSE,-1.15490195998574,NA,68.0547945205479,"demo_fb_haematology_69194","half dose"
"10",123003,"2015-06-24",89100,0.064,"detected value",FALSE,-1.19382002601611,NA,68.9753424657534,"demo_fb_haematology_69194","half dose"
"11",123004,"2015-07-20",126000,0.17,"detected value",FALSE,-0.769551078621726,NA,69.8301369863014,"demo_fb_haematology_69194","half dose"
"12",123005,"2015-08-04",91200,0.055,"detected value",FALSE,-1.25963731050576,NA,70.3232876712329,"demo_fb_haematology_69194","half dose"
"13",123006,"2015-08-17",146000,0.03,"detected value",FALSE,-1.52287874528034,NA,70.7506849315068,"demo_fb_haematology_69194","half dose"
"14",123007,"2015-09-14",55400,0.14,"detected value",FALSE,-0.853871964321762,NA,71.6712328767123,"demo_fb_haematology_69194","half dose"
"15",123008,"2015-09-29",73900,0.09,"detected value",FALSE,-1.04575749056068,NA,72.1643835616438,"demo_fb_haematology_69194","half dose"
"16",123009,"2015-10-13",36800,0.29,"detected value",FALSE,-0.537602002101044,NA,72.6246575342466,"demo_fb_haematology_69194","half dose"
"17",123010,"2015-10-27",66100,0.04,"detected value",FALSE,-1.39794000867204,NA,73.0849315068493,"demo_fb_haematology_69194","half dose"
"18",123011,"2015-11-09",39400,0.15,"detected value",FALSE,-0.823908740944319,NA,73.5123287671233,"demo_fb_haematology_69194","stop"
"19",123012,"2015-11-24",63900,0.119,"detected value",FALSE,-0.924453038607469,NA,74.0054794520548,"demo_fb_haematology_69194","stop"
"20",123013,"2015-11-24",23900,0.077,"detected value",FALSE,-1.11350927482752,NA,74.0054794520548,"demo_fb_haematology_69194","stop"
