"","PatID","TKI","TIME","BCRABL","lQL","ND"
"21","demo_fb_haematology_69194","full dose",-0.0657534246575343,47.789,NA,FALSE
"22","demo_fb_haematology_69194","full dose",2.76164383561644,1.311,NA,FALSE
"23","demo_fb_haematology_69194","full dose",5.52328767123288,0.068,NA,FALSE
"24","demo_fb_haematology_69194","full dose",8.28493150684931,0.05,NA,FALSE
"25","demo_fb_haematology_69194","full dose",11.9013698630137,0.048,NA,FALSE
"26","demo_fb_haematology_69194","full dose",17.4904109589041,0.084,NA,FALSE
"27","demo_fb_haematology_69194","full dose",23.7041095890411,0.109,NA,FALSE
"28","demo_fb_haematology_69194","full dose",28.4054794520548,0.117,NA,FALSE
"29","demo_fb_haematology_69194","full dose",28.6356164383562,0.05,NA,FALSE
"30","demo_fb_haematology_69194","full dose",28.8657534246575,0.104,NA,FALSE
"31","demo_fb_haematology_69194","full dose",29.3260273972603,0.133,NA,FALSE
"32","demo_fb_haematology_69194","full dose",30.2465753424658,0.083,NA,FALSE
"33","demo_fb_haematology_69194","full dose",30.7068493150685,0.05,NA,FALSE
"34","demo_fb_haematology_69194","full dose",31.1671232876712,0.073,NA,FALSE
"35","demo_fb_haematology_69194","full dose",32.0876712328767,0.031,NA,FALSE
"36","demo_fb_haematology_69194","full dose",33.0082191780822,0.05,NA,FALSE
"37","demo_fb_haematology_69194","full dose",33.4684931506849,0.031,NA,FALSE
"38","demo_fb_haematology_69194","full dose",34.8493150684932,0.047,NA,FALSE
"39","demo_fb_haematology_69194","full dose",35.6054794520548,0.033,NA,FALSE
"40","demo_fb_haematology_69194","full dose",38.3671232876712,0.044,NA,FALSE
"41","demo_fb_haematology_69194","full dose",41.358904109589,0.041,NA,FALSE
"42","demo_fb_haematology_69194","full dose",44.3506849315068,0.019,NA,FALSE
"43","demo_fb_haematology_69194","full dose",47.572602739726,0.006,NA,FALSE
"44","demo_fb_haematology_69194","full dose",50.5643835616438,0.007,NA,FALSE
"45","demo_fb_haematology_69194","full dose",51.4849315068493,0.063,NA,FALSE
"46","demo_fb_haematology_69194","full dose",53.5561643835616,0.03,NA,FALSE
"47","demo_fb_haematology_69194","full dose",56.4821917808219,0.006,NA,FALSE
"48","demo_fb_haematology_69194","full dose",59.4739726027397,0.014,NA,FALSE
"1","demo_fb_haematology_69194","full dose",61.3150684931507,0.006,NA,FALSE
"2","demo_fb_haematology_69194","half dose",62.4657534246575,0.002,NA,FALSE
"3","demo_fb_haematology_69194","half dose",63.4520547945205,0.016,NA,FALSE
"4","demo_fb_haematology_69194","half dose",64.3068493150685,0.017,NA,FALSE
"5","demo_fb_haematology_69194","half dose",65.2931506849315,0.09,NA,FALSE
"6","demo_fb_haematology_69194","half dose",66.4109589041096,0.07,NA,FALSE
"7","demo_fb_haematology_69194","half dose",67.0684931506849,0.155,NA,FALSE
"8","demo_fb_haematology_69194","half dose",67.5287671232877,0.05,NA,FALSE
"9","demo_fb_haematology_69194","half dose",68.0547945205479,0.07,NA,FALSE
"10","demo_fb_haematology_69194","half dose",68.9753424657534,0.064,NA,FALSE
"11","demo_fb_haematology_69194","half dose",69.8301369863014,0.17,NA,FALSE
"12","demo_fb_haematology_69194","half dose",70.3232876712329,0.055,NA,FALSE
"13","demo_fb_haematology_69194","half dose",70.7506849315068,0.03,NA,FALSE
"14","demo_fb_haematology_69194","half dose",71.6712328767123,0.14,NA,FALSE
"15","demo_fb_haematology_69194","half dose",72.1643835616438,0.09,NA,FALSE
"16","demo_fb_haematology_69194","half dose",72.6246575342466,0.29,NA,FALSE
"17","demo_fb_haematology_69194","half dose",73.0849315068493,0.04,NA,FALSE
"18","demo_fb_haematology_69194","stop",73.5123287671233,0.15,NA,FALSE
"19","demo_fb_haematology_69194","stop",74.0054794520548,0.119,NA,FALSE
"20","demo_fb_haematology_69194","stop",74.0054794520548,0.077,NA,FALSE
