"","X...sampleId","sampleDate","ABL","BCR.ABL.ABL","det","ND","LRATIO","lQL","TIME","PatID","TKI"
"20",129724,"2008-07-10",9512,0.49,"detected value",FALSE,-0.309803919971486,NA,1.61095890410959,"demo_fb_haematology_30128","full dose"
"21",129725,"2008-08-20",40380,0.047,"detected value",FALSE,-1.32790214206428,NA,2.95890410958904,"demo_fb_haematology_30128","full dose"
"22",129726,"2008-11-27",26057,0.175,"detected value",FALSE,-0.756961951313706,NA,6.21369863013699,"demo_fb_haematology_30128","full dose"
"23",129727,"2008-12-01",44275,0.061,"detected value",FALSE,-1.21467016498923,NA,6.34520547945205,"demo_fb_haematology_30128","full dose"
"24",129728,"2009-01-02",27195,0.144,"detected value",FALSE,-0.84163750790475,NA,7.3972602739726,"demo_fb_haematology_30128","full dose"
"25",129729,"2009-02-18",14533,0.359,"detected value",FALSE,-0.444905551421681,NA,8.94246575342466,"demo_fb_haematology_30128","full dose"
"26",129730,"2009-04-16",34625,0.094,"detected value",FALSE,-1.0268721464003,NA,10.8164383561644,"demo_fb_haematology_30128","full dose"
"27",129731,"2009-06-10",35426,0.103,"detected value",FALSE,-0.987162775294828,NA,12.6246575342466,"demo_fb_haematology_30128","full dose"
"28",129732,"2009-08-26",28557,0.08,"detected value",FALSE,-1.09691001300806,NA,15.1561643835616,"demo_fb_haematology_30128","full dose"
"29",129733,"2010-02-04",50405,0.085,"detected value",FALSE,-1.07058107428571,NA,20.4821917808219,"demo_fb_haematology_30128","full dose"
"30",129734,"2010-06-30",21080,0.035,"detected value",FALSE,-1.45593195564972,NA,25.2821917808219,"demo_fb_haematology_30128","full dose"
"31",129735,"2010-09-29",25464,0.018,"detected value",FALSE,-1.74472749489669,NA,28.2739726027397,"demo_fb_haematology_30128","full dose"
"32",129736,"2011-03-16",23491,0.021,"detected value",FALSE,-1.67778070526608,NA,33.7972602739726,"demo_fb_haematology_30128","full dose"
"33",129737,"2011-09-07",19407,0.085,"detected value",FALSE,-1.07058107428571,NA,39.5506849315069,"demo_fb_haematology_30128","full dose"
"34",129738,"2011-11-30",37344,0.015,"detected value",FALSE,-1.82390874094432,NA,42.3123287671233,"demo_fb_haematology_30128","full dose"
"35",129739,"2012-05-30",65478,0.013,"detected value",FALSE,-1.88605664769316,NA,48.2958904109589,"demo_fb_haematology_30128","full dose"
"36",129740,"2012-11-29",46581,0.007,"detected value",FALSE,-2.15490195998574,NA,54.3123287671233,"demo_fb_haematology_30128","full dose"
"37",129741,"2013-05-29",27134,0,"value below detection limit",TRUE,NA,-2.26560387658504,60.2630136986301,"demo_fb_haematology_30128","full dose"
"38",129742,"2013-11-27",37326,0,"value below detection limit",TRUE,NA,-2.21660569420398,66.2465753424658,"demo_fb_haematology_30128","full dose"
"39",129743,"2014-05-28",15017,0,"value below detection limit",TRUE,NA,-2.08635983067475,72.2301369863014,"demo_fb_haematology_30128","full dose"
"40",129744,"2014-08-27",17188,0,"value below detection limit",TRUE,NA,-2.41995574848976,75.2219178082192,"demo_fb_haematology_30128","full dose"
"41",129745,"2014-12-03",18461,0,"value below detection limit",TRUE,NA,-2.34504682464835,78.4438356164383,"demo_fb_haematology_30128","full dose"
"1",125194,"2015-03-19",55300,0.002,"detected value",FALSE,-2.69897000433602,NA,81.9287671232877,"demo_fb_haematology_30128","full dose"
"2",125195,"2015-04-01",49400,0.001,"detected value",FALSE,-3,NA,82.3561643835616,"demo_fb_haematology_30128","half dose"
"3",125196,"2015-04-22",36600,0.002,"detected value",FALSE,-2.69897000433602,NA,83.0465753424658,"demo_fb_haematology_30128","half dose"
"4",125197,"2015-05-27",78900,0.011,"detected value",FALSE,-1.95860731484178,NA,84.1972602739726,"demo_fb_haematology_30128","half dose"
"5",125198,"2015-07-01",66400,0.001,"detected value",FALSE,-3,NA,85.3479452054794,"demo_fb_haematology_30128","half dose"
"6",125199,"2015-07-30",13000,0.005,"detected value",FALSE,-2.30102999566398,NA,86.3013698630137,"demo_fb_haematology_30128","half dose"
"7",125200,"2015-08-26",53800,0.026,"detected value",FALSE,-1.58502665202918,NA,87.1890410958904,"demo_fb_haematology_30128","half dose"
"8",125201,"2015-09-30",45400,0.017,"detected value",FALSE,-1.76955107862173,NA,88.3397260273973,"demo_fb_haematology_30128","half dose"
"9",125202,"2015-11-17",35500,0.014,"detected value",FALSE,-1.85387196432176,NA,89.9178082191781,"demo_fb_haematology_30128","half dose"
"10",125203,"2015-12-15",33500,0.024,"detected value",FALSE,-1.61978875828839,NA,90.8383561643836,"demo_fb_haematology_30128","half dose"
"11",125204,"2016-01-12",39400,0.038,"detected value",FALSE,-1.42021640338319,NA,91.758904109589,"demo_fb_haematology_30128","half dose"
"12",125205,"2016-02-09",76100,0.03,"detected value",FALSE,-1.52287874528034,NA,92.6794520547945,"demo_fb_haematology_30128","half dose"
"13",125206,"2016-03-10",62500,0.016,"detected value",FALSE,-1.79588001734408,NA,93.6657534246575,"demo_fb_haematology_30128","half dose"
"14",125207,"2016-04-06",82700,0.06,"detected value",FALSE,-1.22184874961636,NA,94.5534246575343,"demo_fb_haematology_30128","stop"
"15",125208,"2016-05-11",37600,0.57,"detected value",FALSE,-0.244125144327509,NA,95.7041095890411,"demo_fb_haematology_30128","stop"
"16",125209,"2016-05-25",NA,0.99,"detected value",FALSE,-0.00436480540245009,NA,96.1643835616438,"demo_fb_haematology_30128","stop"
