"","PatID","TKI","TIME","BCRABL","lQL","ND"
"20","demo_fb_haematology_30128","full dose",1.61095890410959,0.49,NA,FALSE
"21","demo_fb_haematology_30128","full dose",2.95890410958904,0.047,NA,FALSE
"22","demo_fb_haematology_30128","full dose",6.21369863013699,0.175,NA,FALSE
"23","demo_fb_haematology_30128","full dose",6.34520547945205,0.061,NA,FALSE
"24","demo_fb_haematology_30128","full dose",7.3972602739726,0.144,NA,FALSE
"25","demo_fb_haematology_30128","full dose",8.94246575342466,0.359,NA,FALSE
"26","demo_fb_haematology_30128","full dose",10.8164383561644,0.094,NA,FALSE
"27","demo_fb_haematology_30128","full dose",12.6246575342466,0.103,NA,FALSE
"28","demo_fb_haematology_30128","full dose",15.1561643835616,0.08,NA,FALSE
"29","demo_fb_haematology_30128","full dose",20.4821917808219,0.085,NA,FALSE
"30","demo_fb_haematology_30128","full dose",25.2821917808219,0.035,NA,FALSE
"31","demo_fb_haematology_30128","full dose",28.2739726027397,0.018,NA,FALSE
"32","demo_fb_haematology_30128","full dose",33.7972602739726,0.021,NA,FALSE
"33","demo_fb_haematology_30128","full dose",39.5506849315069,0.085,NA,FALSE
"34","demo_fb_haematology_30128","full dose",42.3123287671233,0.015,NA,FALSE
"35","demo_fb_haematology_30128","full dose",48.2958904109589,0.013,NA,FALSE
"36","demo_fb_haematology_30128","full dose",54.3123287671233,0.007,NA,FALSE
"37","demo_fb_haematology_30128","full dose",60.2630136986301,0,-2.26560387658504,TRUE
"38","demo_fb_haematology_30128","full dose",66.2465753424658,0,-2.21660569420398,TRUE
"39","demo_fb_haematology_30128","full dose",72.2301369863014,0,-2.08635983067475,TRUE
"40","demo_fb_haematology_30128","full dose",75.2219178082192,0,-2.41995574848976,TRUE
"41","demo_fb_haematology_30128","full dose",78.4438356164383,0,-2.34504682464835,TRUE
"1","demo_fb_haematology_30128","full dose",81.9287671232877,0.002,NA,FALSE
"2","demo_fb_haematology_30128","half dose",82.3561643835616,0.001,NA,FALSE
"3","demo_fb_haematology_30128","half dose",83.0465753424658,0.002,NA,FALSE
"4","demo_fb_haematology_30128","half dose",84.1972602739726,0.011,NA,FALSE
"5","demo_fb_haematology_30128","half dose",85.3479452054794,0.001,NA,FALSE
"6","demo_fb_haematology_30128","half dose",86.3013698630137,0.005,NA,FALSE
"7","demo_fb_haematology_30128","half dose",87.1890410958904,0.026,NA,FALSE
"8","demo_fb_haematology_30128","half dose",88.3397260273973,0.017,NA,FALSE
"9","demo_fb_haematology_30128","half dose",89.9178082191781,0.014,NA,FALSE
"10","demo_fb_haematology_30128","half dose",90.8383561643836,0.024,NA,FALSE
"11","demo_fb_haematology_30128","half dose",91.758904109589,0.038,NA,FALSE
"12","demo_fb_haematology_30128","half dose",92.6794520547945,0.03,NA,FALSE
"13","demo_fb_haematology_30128","half dose",93.6657534246575,0.016,NA,FALSE
"14","demo_fb_haematology_30128","stop",94.5534246575343,0.06,NA,FALSE
"15","demo_fb_haematology_30128","stop",95.7041095890411,0.57,NA,FALSE
"16","demo_fb_haematology_30128","stop",96.1643835616438,0.99,NA,FALSE
