"","X...sampleId","sampleDate","ABL","BCR.ABL.ABL","det","ND","LRATIO","lQL","TIME","PatID","TKI"
"32",127902,"2004-11-24",81075,0.932,"detected value",FALSE,-0.0305840876460186,NA,0.295890410958904,"demo_fb_haematology_43703","full dose"
"33",127903,"2005-03-02",13558,0.06,"detected value",FALSE,-1.22184874961636,NA,3.51780821917808,"demo_fb_haematology_43703","full dose"
"34",127904,"2005-07-20",25160,0.004,"detected value",FALSE,-2.39794000867204,NA,8.12054794520548,"demo_fb_haematology_43703","full dose"
"35",127905,"2005-12-12",14249,0.006,"detected value",FALSE,-2.22184874961636,NA,12.8876712328767,"demo_fb_haematology_43703","full dose"
"36",127906,"2006-04-26",161193,0.003,"detected value",FALSE,-2.52287874528034,NA,17.3260273972603,"demo_fb_haematology_43703","full dose"
"37",127907,"2006-10-11",162157,0.001,"detected value",FALSE,-3,NA,22.8493150684932,"demo_fb_haematology_43703","full dose"
"38",127908,"2007-05-02",75665,0.001,"detected value",FALSE,-3,NA,29.5232876712329,"demo_fb_haematology_43703","full dose"
"39",127909,"2007-09-19",41981,0.0262023296253067,"detected value",FALSE,-1.58166009423607,NA,34.1260273972603,"demo_fb_haematology_43703","full dose"
"40",127910,"2008-01-30",6983,0.0429614778748389,"detected value",FALSE,-1.36692078732135,NA,38.4986301369863,"demo_fb_haematology_43703","full dose"
"41",127911,"2008-04-16",29652,0.0337245379738298,"detected value",FALSE,-1.4720539914497,NA,41.0301369863014,"demo_fb_haematology_43703","full dose"
"42",127912,"2008-09-17",89478,0.0447037260555667,"detected value",FALSE,-1.34965627691434,NA,46.0931506849315,"demo_fb_haematology_43703","full dose"
"43",127913,"2009-02-25",12312,0.001,"detected value",FALSE,-3,NA,51.386301369863,"demo_fb_haematology_43703","full dose"
"44",127914,"2009-04-29",27386,1,"detected value",FALSE,0,NA,53.4575342465753,"demo_fb_haematology_43703","full dose"
"45",127915,"2009-10-21",14779,1,"detected value",FALSE,0,NA,59.2109589041096,"demo_fb_haematology_43703","full dose"
"46",127916,"2010-02-17",57318,0.0226804843155728,"detected value",FALSE,-1.64434767582256,NA,63.1232876712329,"demo_fb_haematology_43703","full dose"
"47",127917,"2010-09-14",20746,0.0144606189144895,"detected value",FALSE,-1.83981311883987,NA,69.9945205479452,"demo_fb_haematology_43703","full dose"
"48",127918,"2011-03-02",10403,0.0288378352398347,"detected value",FALSE,-1.54003734376815,NA,75.5506849315069,"demo_fb_haematology_43703","full dose"
"49",127919,"2011-08-08",26822,0.0260979792707479,"detected value",FALSE,-1.58339311816126,NA,80.7780821917808,"demo_fb_haematology_43703","full dose"
"50",127920,"2012-02-07",13929,0.0215377988369589,"detected value",FALSE,-1.66679868366617,NA,86.7945205479452,"demo_fb_haematology_43703","full dose"
"51",127921,"2012-09-12",14616,0.0205254515599343,"detected value",FALSE,-1.68770727962482,NA,93.9616438356164,"demo_fb_haematology_43703","full dose"
"52",127922,"2013-03-11",25716,0.0155545185876497,"detected value",FALSE,-1.80814342576149,NA,99.8794520547945,"demo_fb_haematology_43703","full dose"
"53",127923,"2013-05-14",44606,0.001,"detected value",FALSE,-3,NA,101.983561643836,"demo_fb_haematology_43703","full dose"
"54",127924,"2014-08-06",88500,0.003,"detected value",FALSE,-2.52287874528034,NA,116.745205479452,"demo_fb_haematology_43703","full dose"
"1",123417,"2014-10-02",87600,0.004,"detected value",FALSE,-2.39794000867204,NA,118.619178082192,"demo_fb_haematology_43703","full dose"
"55",127925,"2014-10-07",75200,0.008,"detected value",FALSE,-2.09691001300806,NA,118.783561643836,"demo_fb_haematology_43703","full dose"
"56",127926,"2014-10-09",87600,0.004,"detected value",FALSE,-2.39794000867204,NA,118.849315068493,"demo_fb_haematology_43703","full dose"
"2",123418,"2014-11-10",53600,0.006,"detected value",FALSE,-2.22184874961636,NA,119.901369863014,"demo_fb_haematology_43703","half dose"
"3",123419,"2014-12-08",50300,0.006,"detected value",FALSE,-2.22184874961636,NA,120.821917808219,"demo_fb_haematology_43703","half dose"
"4",123420,"2015-01-12",70100,0.01,"detected value",FALSE,-2,NA,121.972602739726,"demo_fb_haematology_43703","half dose"
"5",123421,"2015-02-09",63300,0.01,"detected value",FALSE,-2,NA,122.893150684931,"demo_fb_haematology_43703","half dose"
"6",123422,"2015-03-09",124500,0.003,"detected value",FALSE,-2.52287874528034,NA,123.813698630137,"demo_fb_haematology_43703","half dose"
"7",123423,"2015-04-13",65900,0.004,"detected value",FALSE,-2.39794000867204,NA,124.964383561644,"demo_fb_haematology_43703","half dose"
"8",123424,"2015-05-11",67700,0.004,"detected value",FALSE,-2.39794000867204,NA,125.884931506849,"demo_fb_haematology_43703","half dose"
"9",123425,"2015-06-08",70500,0.001,"detected value",FALSE,-3,NA,126.805479452055,"demo_fb_haematology_43703","half dose"
"10",123426,"2015-07-06",13100,0.002,"detected value",FALSE,-2.69897000433602,NA,127.72602739726,"demo_fb_haematology_43703","half dose"
"11",123427,"2015-08-03",80400,0.001,"detected value",FALSE,-3,NA,128.646575342466,"demo_fb_haematology_43703","half dose"
"12",123428,"2015-09-07",84700,0.004,"detected value",FALSE,-2.39794000867204,NA,129.797260273973,"demo_fb_haematology_43703","half dose"
"13",123429,"2015-10-05",63000,0.003,"detected value",FALSE,-2.52287874528034,NA,130.717808219178,"demo_fb_haematology_43703","half dose"
"14",123430,"2015-11-13",10200,0.0294117647058823,"detected value",FALSE,-1.53147891704226,NA,132,"demo_fb_haematology_43703","stop"
"15",123431,"2015-12-07",35000,0.005,"detected value",FALSE,-2.30102999566398,NA,132.78904109589,"demo_fb_haematology_43703","stop"
"16",123432,"2016-01-04",35700,0.003,"detected value",FALSE,-2.52287874528034,NA,133.709589041096,"demo_fb_haematology_43703","stop"
"17",123433,"2016-02-08",75800,0.001,"detected value",FALSE,-3,NA,134.860273972603,"demo_fb_haematology_43703","stop"
"18",123434,"2016-03-07",33500,0.002,"detected value",FALSE,-2.69897000433602,NA,135.780821917808,"demo_fb_haematology_43703","stop"
"19",123435,"2016-04-11",32700,0.002,"detected value",FALSE,-2.69897000433602,NA,136.931506849315,"demo_fb_haematology_43703","stop"
"20",123436,"2016-05-09",48900,0.004,"detected value",FALSE,-2.39794000867204,NA,137.852054794521,"demo_fb_haematology_43703","stop"
"21",123437,"2016-06-13",68600,0.004,"detected value",FALSE,-2.39794000867204,NA,139.002739726027,"demo_fb_haematology_43703","stop"
"22",123438,"2016-07-11",59300,0.001,"detected value",FALSE,-3,NA,139.923287671233,"demo_fb_haematology_43703","stop"
"23",123439,"2016-08-08",17600,0.005,"detected value",FALSE,-2.30102999566398,NA,140.843835616438,"demo_fb_haematology_43703","stop"
"24",123441,"2016-10-10",18100,0.005,"detected value",FALSE,-2.30102999566398,NA,142.915068493151,"demo_fb_haematology_43703","stop"
"25",123442,"2016-11-07",62000,0.005,"detected value",FALSE,-2.30102999566398,NA,143.835616438356,"demo_fb_haematology_43703","stop"
"26",123443,"2017-01-16",58900,0.002,"detected value",FALSE,-2.69897000433602,NA,146.13698630137,"demo_fb_haematology_43703","stop"
"27",123444,"2017-03-13",25100,0.005,"detected value",FALSE,-2.30102999566398,NA,147.978082191781,"demo_fb_haematology_43703","stop"
"28",123445,"2017-05-08",99300,0.003,"detected value",FALSE,-2.52287874528034,NA,149.819178082192,"demo_fb_haematology_43703","stop"
"29",123446,"2017-07-03",23700,0.003,"detected value",FALSE,-2.52287874528034,NA,151.660273972603,"demo_fb_haematology_43703","stop"
"30",123447,"2017-09-25",25400,0.004,"detected value",FALSE,-2.39794000867204,NA,154.421917808219,"demo_fb_haematology_43703","stop"
"31",123448,"2017-11-20",27100,0.003,"detected value",FALSE,-2.52287874528034,NA,156.26301369863,"demo_fb_haematology_43703","stop"
