"","PatID","TKI","TIME","BCRABL","lQL","ND"
"32","demo_fb_haematology_43703","full dose",0.295890410958904,0.932,NA,FALSE
"33","demo_fb_haematology_43703","full dose",3.51780821917808,0.06,NA,FALSE
"34","demo_fb_haematology_43703","full dose",8.12054794520548,0.004,NA,FALSE
"35","demo_fb_haematology_43703","full dose",12.8876712328767,0.006,NA,FALSE
"36","demo_fb_haematology_43703","full dose",17.3260273972603,0.003,NA,FALSE
"37","demo_fb_haematology_43703","full dose",22.8493150684932,0.001,NA,FALSE
"38","demo_fb_haematology_43703","full dose",29.5232876712329,0.001,NA,FALSE
"39","demo_fb_haematology_43703","full dose",34.1260273972603,0.0262023296253067,NA,FALSE
"40","demo_fb_haematology_43703","full dose",38.4986301369863,0.0429614778748389,NA,FALSE
"41","demo_fb_haematology_43703","full dose",41.0301369863014,0.0337245379738298,NA,FALSE
"42","demo_fb_haematology_43703","full dose",46.0931506849315,0.0447037260555667,NA,FALSE
"43","demo_fb_haematology_43703","full dose",51.386301369863,0.001,NA,FALSE
"44","demo_fb_haematology_43703","full dose",53.4575342465753,1,NA,FALSE
"45","demo_fb_haematology_43703","full dose",59.2109589041096,1,NA,FALSE
"46","demo_fb_haematology_43703","full dose",63.1232876712329,0.0226804843155728,NA,FALSE
"47","demo_fb_haematology_43703","full dose",69.9945205479452,0.0144606189144895,NA,FALSE
"48","demo_fb_haematology_43703","full dose",75.5506849315069,0.0288378352398347,NA,FALSE
"49","demo_fb_haematology_43703","full dose",80.7780821917808,0.0260979792707479,NA,FALSE
"50","demo_fb_haematology_43703","full dose",86.7945205479452,0.0215377988369589,NA,FALSE
"51","demo_fb_haematology_43703","full dose",93.9616438356164,0.0205254515599343,NA,FALSE
"52","demo_fb_haematology_43703","full dose",99.8794520547945,0.0155545185876497,NA,FALSE
"53","demo_fb_haematology_43703","full dose",101.983561643836,0.001,NA,FALSE
"54","demo_fb_haematology_43703","full dose",116.745205479452,0.003,NA,FALSE
"1","demo_fb_haematology_43703","full dose",118.619178082192,0.004,NA,FALSE
"55","demo_fb_haematology_43703","full dose",118.783561643836,0.008,NA,FALSE
"56","demo_fb_haematology_43703","full dose",118.849315068493,0.004,NA,FALSE
"2","demo_fb_haematology_43703","half dose",119.901369863014,0.006,NA,FALSE
"3","demo_fb_haematology_43703","half dose",120.821917808219,0.006,NA,FALSE
"4","demo_fb_haematology_43703","half dose",121.972602739726,0.01,NA,FALSE
"5","demo_fb_haematology_43703","half dose",122.893150684931,0.01,NA,FALSE
"6","demo_fb_haematology_43703","half dose",123.813698630137,0.003,NA,FALSE
"7","demo_fb_haematology_43703","half dose",124.964383561644,0.004,NA,FALSE
"8","demo_fb_haematology_43703","half dose",125.884931506849,0.004,NA,FALSE
"9","demo_fb_haematology_43703","half dose",126.805479452055,0.001,NA,FALSE
"10","demo_fb_haematology_43703","half dose",127.72602739726,0.002,NA,FALSE
"11","demo_fb_haematology_43703","half dose",128.646575342466,0.001,NA,FALSE
"12","demo_fb_haematology_43703","half dose",129.797260273973,0.004,NA,FALSE
"13","demo_fb_haematology_43703","half dose",130.717808219178,0.003,NA,FALSE
"14","demo_fb_haematology_43703","stop",132,0.0294117647058823,NA,FALSE
"15","demo_fb_haematology_43703","stop",132.78904109589,0.005,NA,FALSE
"16","demo_fb_haematology_43703","stop",133.709589041096,0.003,NA,FALSE
"17","demo_fb_haematology_43703","stop",134.860273972603,0.001,NA,FALSE
"18","demo_fb_haematology_43703","stop",135.780821917808,0.002,NA,FALSE
"19","demo_fb_haematology_43703","stop",136.931506849315,0.002,NA,FALSE
"20","demo_fb_haematology_43703","stop",137.852054794521,0.004,NA,FALSE
"21","demo_fb_haematology_43703","stop",139.002739726027,0.004,NA,FALSE
"22","demo_fb_haematology_43703","stop",139.923287671233,0.001,NA,FALSE
"23","demo_fb_haematology_43703","stop",140.843835616438,0.005,NA,FALSE
"24","demo_fb_haematology_43703","stop",142.915068493151,0.005,NA,FALSE
"25","demo_fb_haematology_43703","stop",143.835616438356,0.005,NA,FALSE
"26","demo_fb_haematology_43703","stop",146.13698630137,0.002,NA,FALSE
"27","demo_fb_haematology_43703","stop",147.978082191781,0.005,NA,FALSE
"28","demo_fb_haematology_43703","stop",149.819178082192,0.003,NA,FALSE
"29","demo_fb_haematology_43703","stop",151.660273972603,0.003,NA,FALSE
"30","demo_fb_haematology_43703","stop",154.421917808219,0.004,NA,FALSE
"31","demo_fb_haematology_43703","stop",156.26301369863,0.003,NA,FALSE
