"","X...sampleId","sampleDate","ABL","BCR.ABL.ABL","det","ND","LRATIO","lQL","TIME","PatID","TKI"
"20",127984,"2008-12-23",18440,1.502,"detected value",FALSE,0.17666993266815,NA,2.76164383561644,"demo_fb_haematology_93213","full dose"
"21",127985,"2009-03-23",9648,1.362,"detected value",FALSE,0.134177107576766,NA,5.72054794520548,"demo_fb_haematology_93213","full dose"
"22",127986,"2009-06-09",8106,0.803,"detected value",FALSE,-0.095284454721319,NA,8.28493150684931,"demo_fb_haematology_93213","full dose"
"23",127987,"2009-08-17",22795,0.354,"detected value",FALSE,-0.450996737974212,NA,10.5534246575342,"demo_fb_haematology_93213","full dose"
"24",127988,"2009-11-23",28570,0.071,"detected value",FALSE,-1.14874165128092,NA,13.7753424657534,"demo_fb_haematology_93213","full dose"
"25",127989,"2010-02-15",9722,0,"value below detection limit",TRUE,NA,-1.91733042610655,16.5369863013699,"demo_fb_haematology_93213","full dose"
"26",127990,"2010-05-10",29170,0,"value below detection limit",TRUE,NA,-1.81291335664286,19.2986301369863,"demo_fb_haematology_93213","full dose"
"27",127991,"2010-08-02",17475,0.026,"detected value",FALSE,-1.58502665202918,NA,22.0602739726027,"demo_fb_haematology_93213","full dose"
"28",127992,"2010-10-25",23790,0,"value below detection limit",TRUE,NA,-2.33311126327542,24.8219178082192,"demo_fb_haematology_93213","full dose"
"29",127993,"2011-01-24",20210,0,"value below detection limit",TRUE,NA,-2.39445168082622,27.813698630137,"demo_fb_haematology_93213","full dose"
"30",127994,"2011-04-11",53670,0,"value below detection limit",TRUE,NA,-2.20772410692475,30.3452054794521,"demo_fb_haematology_93213","full dose"
"31",127995,"2011-07-04",20155,0,"value below detection limit",TRUE,NA,-1.94939000664491,33.1068493150685,"demo_fb_haematology_93213","full dose"
"32",127996,"2011-09-26",6007,0,"value below detection limit",TRUE,NA,-2.36109796718796,35.8684931506849,"demo_fb_haematology_93213","full dose"
"33",127997,"2011-12-19",34430,0.004,"detected value",FALSE,-2.39794000867204,NA,38.6301369863014,"demo_fb_haematology_93213","full dose"
"34",127998,"2012-03-14",12755,0,"value below detection limit",TRUE,NA,-2.38560627359831,41.4575342465753,"demo_fb_haematology_93213","full dose"
"35",127999,"2012-05-25",14570,0,"value below detection limit",TRUE,NA,-2.3735249804634,43.8246575342466,"demo_fb_haematology_93213","full dose"
"36",128000,"2012-08-28",55320,0,"value below detection limit",TRUE,NA,-2.29225607135648,46.9479452054794,"demo_fb_haematology_93213","full dose"
"37",128001,"2012-11-19",14815,0,"value below detection limit",TRUE,NA,-2.27415784926368,49.6767123287671,"demo_fb_haematology_93213","full dose"
"38",128002,"2013-02-11",23170,0.009,"detected value",FALSE,-2.04575749056068,NA,52.4383561643836,"demo_fb_haematology_93213","full dose"
"39",128003,"2013-05-17",38960,0,"value below detection limit",TRUE,NA,-2.33243845991561,55.5616438356164,"demo_fb_haematology_93213","full dose"
"40",128004,"2013-08-19",15090,0,"value below detection limit",TRUE,NA,-2.30102999566398,58.6520547945206,"demo_fb_haematology_93213","full dose"
"1",123560,"2013-12-16",24800,0.006,"detected value",FALSE,-2.22184874961636,NA,62.5643835616438,"demo_fb_haematology_93213","full dose"
"2",123561,"2014-01-20",19500,0.006,"detected value",FALSE,-2.22184874961636,NA,63.7150684931507,"demo_fb_haematology_93213","half dose"
"3",123562,"2014-02-18",64600,0.004,"detected value",FALSE,-2.39794000867204,NA,64.6684931506849,"demo_fb_haematology_93213","half dose"
"4",123563,"2014-03-19",74400,5e-04,"detected value",FALSE,-3.30102999566398,NA,65.6219178082192,"demo_fb_haematology_93213","half dose"
"5",123564,"2014-04-22",48400,0.003,"detected value",FALSE,-2.52287874528034,NA,66.7397260273973,"demo_fb_haematology_93213","half dose"
"6",123565,"2014-05-19",26700,0.01,"detected value",FALSE,-2,NA,67.627397260274,"demo_fb_haematology_93213","half dose"
"7",123566,"2014-06-16",68900,0.023,"detected value",FALSE,-1.63827216398241,NA,68.5479452054795,"demo_fb_haematology_93213","half dose"
"8",123567,"2014-07-14",72900,0.019,"detected value",FALSE,-1.72124639904717,NA,69.4684931506849,"demo_fb_haematology_93213","half dose"
"9",123568,"2014-08-26",70900,0.005,"detected value",FALSE,-2.30102999566398,NA,70.8821917808219,"demo_fb_haematology_93213","half dose"
"10",123569,"2014-09-29",58800,0.006,"detected value",FALSE,-2.22184874961636,NA,72,"demo_fb_haematology_93213","half dose"
"11",123570,"2014-10-27",56400,0.001,"detected value",FALSE,-3,NA,72.9205479452055,"demo_fb_haematology_93213","half dose"
"12",123571,"2014-11-24",64500,0.012,"detected value",FALSE,-1.92081875395238,NA,73.841095890411,"demo_fb_haematology_93213","half dose"
"13",123572,"2014-12-15",60000,0.004,"detected value",FALSE,-2.39794000867204,NA,74.5315068493151,"demo_fb_haematology_93213","half dose"
"14",123573,"2015-01-05",63600,0.004,"detected value",FALSE,-2.39794000867204,NA,75.2219178082192,"demo_fb_haematology_93213","stop"
"15",123574,"2015-02-02",85500,0.003,"detected value",FALSE,-2.52287874528034,NA,76.1424657534247,"demo_fb_haematology_93213","stop"
"16",123575,"2015-03-02",68700,0.001,"detected value",FALSE,-3,NA,77.0630136986301,"demo_fb_haematology_93213","stop"
"17",123576,"2015-03-30",37000,0.004,"detected value",FALSE,-2.39794000867204,NA,77.9835616438356,"demo_fb_haematology_93213","stop"
"18",123577,"2015-04-27",43400,0.007,"detected value",FALSE,-2.15490195998574,NA,78.9041095890411,"demo_fb_haematology_93213","stop"
