"","PatID","TKI","TIME","BCRABL","lQL","ND"
"20","demo_fb_haematology_93213","full dose",2.76164383561644,1.502,NA,FALSE
"21","demo_fb_haematology_93213","full dose",5.72054794520548,1.362,NA,FALSE
"22","demo_fb_haematology_93213","full dose",8.28493150684931,0.803,NA,FALSE
"23","demo_fb_haematology_93213","full dose",10.5534246575342,0.354,NA,FALSE
"24","demo_fb_haematology_93213","full dose",13.7753424657534,0.071,NA,FALSE
"25","demo_fb_haematology_93213","full dose",16.5369863013699,0,-1.91733042610655,TRUE
"26","demo_fb_haematology_93213","full dose",19.2986301369863,0,-1.81291335664286,TRUE
"27","demo_fb_haematology_93213","full dose",22.0602739726027,0.026,NA,FALSE
"28","demo_fb_haematology_93213","full dose",24.8219178082192,0,-2.33311126327542,TRUE
"29","demo_fb_haematology_93213","full dose",27.813698630137,0,-2.39445168082622,TRUE
"30","demo_fb_haematology_93213","full dose",30.3452054794521,0,-2.20772410692475,TRUE
"31","demo_fb_haematology_93213","full dose",33.1068493150685,0,-1.94939000664491,TRUE
"32","demo_fb_haematology_93213","full dose",35.8684931506849,0,-2.36109796718796,TRUE
"33","demo_fb_haematology_93213","full dose",38.6301369863014,0.004,NA,FALSE
"34","demo_fb_haematology_93213","full dose",41.4575342465753,0,-2.38560627359831,TRUE
"35","demo_fb_haematology_93213","full dose",43.8246575342466,0,-2.3735249804634,TRUE
"36","demo_fb_haematology_93213","full dose",46.9479452054794,0,-2.29225607135648,TRUE
"37","demo_fb_haematology_93213","full dose",49.6767123287671,0,-2.27415784926368,TRUE
"38","demo_fb_haematology_93213","full dose",52.4383561643836,0.009,NA,FALSE
"39","demo_fb_haematology_93213","full dose",55.5616438356164,0,-2.33243845991561,TRUE
"40","demo_fb_haematology_93213","full dose",58.6520547945206,0,-2.30102999566398,TRUE
"1","demo_fb_haematology_93213","full dose",62.5643835616438,0.006,NA,FALSE
"2","demo_fb_haematology_93213","half dose",63.7150684931507,0.006,NA,FALSE
"3","demo_fb_haematology_93213","half dose",64.6684931506849,0.004,NA,FALSE
"4","demo_fb_haematology_93213","half dose",65.6219178082192,5e-04,NA,FALSE
"5","demo_fb_haematology_93213","half dose",66.7397260273973,0.003,NA,FALSE
"6","demo_fb_haematology_93213","half dose",67.627397260274,0.01,NA,FALSE
"7","demo_fb_haematology_93213","half dose",68.5479452054795,0.023,NA,FALSE
"8","demo_fb_haematology_93213","half dose",69.4684931506849,0.019,NA,FALSE
"9","demo_fb_haematology_93213","half dose",70.8821917808219,0.005,NA,FALSE
"10","demo_fb_haematology_93213","half dose",72,0.006,NA,FALSE
"11","demo_fb_haematology_93213","half dose",72.9205479452055,0.001,NA,FALSE
"12","demo_fb_haematology_93213","half dose",73.841095890411,0.012,NA,FALSE
"13","demo_fb_haematology_93213","half dose",74.5315068493151,0.004,NA,FALSE
"14","demo_fb_haematology_93213","stop",75.2219178082192,0.004,NA,FALSE
"15","demo_fb_haematology_93213","stop",76.1424657534247,0.003,NA,FALSE
"16","demo_fb_haematology_93213","stop",77.0630136986301,0.001,NA,FALSE
"17","demo_fb_haematology_93213","stop",77.9835616438356,0.004,NA,FALSE
"18","demo_fb_haematology_93213","stop",78.9041095890411,0.007,NA,FALSE
